[{"model": "contenttypes.contenttype", "pk": 1, "fields": {"app_label": "admin", "model": "logentry"}}, {"model": "contenttypes.contenttype", "pk": 2, "fields": {"app_label": "auth", "model": "permission"}}, {"model": "contenttypes.contenttype", "pk": 3, "fields": {"app_label": "auth", "model": "group"}}, {"model": "contenttypes.contenttype", "pk": 4, "fields": {"app_label": "auth", "model": "user"}}, {"model": "contenttypes.contenttype", "pk": 5, "fields": {"app_label": "contenttypes", "model": "contenttype"}}, {"model": "contenttypes.contenttype", "pk": 6, "fields": {"app_label": "sessions", "model": "session"}}, {"model": "contenttypes.contenttype", "pk": 7, "fields": {"app_label": "sites", "model": "site"}}, {"model": "contenttypes.contenttype", "pk": 8, "fields": {"app_label": "cart", "model": "cart"}}, {"model": "contenttypes.contenttype", "pk": 9, "fields": {"app_label": "cart", "model": "item"}}, {"model": "contenttypes.contenttype", "pk": 10, "fields": {"app_label": "hotpot", "model": "menuitemretailerprice"}}, {"model": "contenttypes.contenttype", "pk": 11, "fields": {"app_label": "hotpot", "model": "menuitem"}}, {"model": "contenttypes.contenttype", "pk": 12, "fields": {"app_label": "hotpot", "model": "category"}}, {"model": "contenttypes.contenttype", "pk": 13, "fields": {"app_label": "hotpot", "model": "menu"}}, {"model": "contenttypes.contenttype", "pk": 14, "fields": {"app_label": "hotpot", "model": "orderitem"}}, {"model": "contenttypes.contenttype", "pk": 16, "fields": {"app_label": "hotpot", "model": "order"}}, {"model": "contenttypes.contenttype", "pk": 17, "fields": {"app_label": "hotpot", "model": "retailer"}}, {"model": "contenttypes.contenttype", "pk": 18, "fields": {"app_label": "hotpot", "model": "shipping"}}, {"model": "contenttypes.contenttype", "pk": 19, "fields": {"app_label": "hotpot", "model": "deliverydays"}}, {"model": "contenttypes.contenttype", "pk": 20, "fields": {"app_label": "newsletter", "model": "newslettersubscriber"}}, {"model": "contenttypes.contenttype", "pk": 21, "fields": {"app_label": "hotpot", "model": "itembatch"}}, {"model": "sessions.session", "pk": "3ed375wqoljolvjoa5mjbz4ribko3pqx", "fields": {"session_data": "MmJmYjE2NzE4MDkyZmE2YTFjNDNmM2FjNTJlYTFmMDA3ODE2ZjcxNzp7InF1YW50aXR5X2Vycm9yX2l0ZW0iOm51bGwsIl9hdXRoX3VzZXJfaWQiOiIxIiwiX2F1dGhfdXNlcl9iYWNrZW5kIjoiZGphbmdvLmNvbnRyaWIuYXV0aC5iYWNrZW5kcy5Nb2RlbEJhY2tlbmQiLCJDQVJULUlEIjo1NiwidXNlciI6IiIsInF1YW50aXR5X2Vycm9yIjpudWxsLCJzaGlwcGluZ19jb3N0IjoiMTAuMDAiLCJfYXV0aF91c2VyX2hhc2giOiJmYzIxMDZlZWExMDIxNzVkZTEwYzgzYTNmNmY3N2ZlNmNiZjZiNzRkIn0=", "expire_date": "2016-03-13T20:46:12.287Z"}}, {"model": "sessions.session", "pk": "80y8gr6rhq4deni6hsb099ay7jnfjikq", "fields": {"session_data": "OTlkZGVhZjcwZWUwM2MwZDA4MGFiYWEwYzU3NDViODkyNjE4YjE5Mjp7InF1YW50aXR5X2Vycm9yX2l0ZW0iOm51bGwsIl9hdXRoX3VzZXJfaWQiOiIxIiwibG9nZ2VkIjpmYWxzZSwiX2F1dGhfdXNlcl9iYWNrZW5kIjoiZGphbmdvLmNvbnRyaWIuYXV0aC5iYWNrZW5kcy5Nb2RlbEJhY2tlbmQiLCJDQVJULUlEIjo2NywidXNlciI6IiIsInF1YW50aXR5X2Vycm9yIjpudWxsLCJzaGlwcGluZ19jb3N0IjpudWxsLCJfYXV0aF91c2VyX2hhc2giOiJmYzIxMDZlZWExMDIxNzVkZTEwYzgzYTNmNmY3N2ZlNmNiZjZiNzRkIn0=", "expire_date": "2016-03-16T23:01:34.907Z"}}, {"model": "sites.site", "pk": 1, "fields": {"domain": "example.com", "name": "example.com"}}, {"model": "cart.cart", "pk": 1, "fields": {"creation_date": "2016-02-26T08:41:23.153Z", "checked_out": false}}, {"model": "cart.cart", "pk": 2, "fields": {"creation_date": "2016-02-26T08:43:41.184Z", "checked_out": false}}, {"model": "cart.cart", "pk": 3, "fields": {"creation_date": "2016-02-26T09:04:59.305Z", "checked_out": false}}, {"model": "cart.cart", "pk": 4, "fields": {"creation_date": "2016-02-26T09:42:12.052Z", "checked_out": false}}, {"model": "cart.cart", "pk": 5, "fields": {"creation_date": "2016-02-26T09:42:18.495Z", "checked_out": false}}, {"model": "cart.cart", "pk": 6, "fields": {"creation_date": "2016-02-26T09:44:55.218Z", "checked_out": false}}, {"model": "cart.cart", "pk": 7, "fields": {"creation_date": "2016-02-26T09:44:59.331Z", "checked_out": false}}, {"model": "cart.cart", "pk": 8, "fields": {"creation_date": "2016-02-26T09:45:01.802Z", "checked_out": false}}, {"model": "cart.cart", "pk": 9, "fields": {"creation_date": "2016-02-26T09:45:03.205Z", "checked_out": false}}, {"model": "cart.cart", "pk": 10, "fields": {"creation_date": "2016-02-26T09:45:04.106Z", "checked_out": false}}, {"model": "cart.cart", "pk": 11, "fields": {"creation_date": "2016-02-26T09:45:09.009Z", "checked_out": false}}, {"model": "cart.cart", "pk": 12, "fields": {"creation_date": "2016-02-26T09:45:12.122Z", "checked_out": false}}, {"model": "cart.cart", "pk": 13, "fields": {"creation_date": "2016-02-26T09:45:18.969Z", "checked_out": false}}, {"model": "cart.cart", "pk": 14, "fields": {"creation_date": "2016-02-26T09:45:22.284Z", "checked_out": false}}, {"model": "cart.cart", "pk": 15, "fields": {"creation_date": "2016-02-26T09:45:28.731Z", "checked_out": false}}, {"model": "cart.cart", "pk": 16, "fields": {"creation_date": "2016-02-26T09:45:31.274Z", "checked_out": false}}, {"model": "cart.cart", "pk": 17, "fields": {"creation_date": "2016-02-26T09:45:33.370Z", "checked_out": false}}, {"model": "cart.cart", "pk": 18, "fields": {"creation_date": "2016-02-26T09:45:37.086Z", "checked_out": false}}, {"model": "cart.cart", "pk": 19, "fields": {"creation_date": "2016-02-26T09:45:39.121Z", "checked_out": false}}, {"model": "cart.cart", "pk": 20, "fields": {"creation_date": "2016-02-26T09:45:46.942Z", "checked_out": false}}, {"model": "cart.cart", "pk": 21, "fields": {"creation_date": "2016-02-26T09:48:53.231Z", "checked_out": false}}, {"model": "cart.cart", "pk": 22, "fields": {"creation_date": "2016-02-26T09:48:55.088Z", "checked_out": false}}, {"model": "cart.cart", "pk": 23, "fields": {"creation_date": "2016-02-26T09:48:59.411Z", "checked_out": false}}, {"model": "cart.cart", "pk": 24, "fields": {"creation_date": "2016-02-26T09:49:01.944Z", "checked_out": false}}, {"model": "cart.cart", "pk": 25, "fields": {"creation_date": "2016-02-26T09:49:07.434Z", "checked_out": false}}, {"model": "cart.cart", "pk": 26, "fields": {"creation_date": "2016-02-26T09:55:43.810Z", "checked_out": false}}, {"model": "cart.cart", "pk": 27, "fields": {"creation_date": "2016-02-26T09:55:45.340Z", "checked_out": false}}, {"model": "cart.cart", "pk": 28, "fields": {"creation_date": "2016-02-26T09:55:48.892Z", "checked_out": false}}, {"model": "cart.cart", "pk": 29, "fields": {"creation_date": "2016-02-26T09:55:52.942Z", "checked_out": false}}, {"model": "cart.cart", "pk": 30, "fields": {"creation_date": "2016-02-26T09:55:56.753Z", "checked_out": false}}, {"model": "cart.cart", "pk": 31, "fields": {"creation_date": "2016-02-26T09:56:06.950Z", "checked_out": false}}, {"model": "cart.cart", "pk": 32, "fields": {"creation_date": "2016-02-26T09:56:11.245Z", "checked_out": false}}, {"model": "cart.cart", "pk": 33, "fields": {"creation_date": "2016-02-26T09:56:24.289Z", "checked_out": false}}, {"model": "cart.cart", "pk": 34, "fields": {"creation_date": "2016-02-26T09:56:27.325Z", "checked_out": false}}, {"model": "cart.cart", "pk": 35, "fields": {"creation_date": "2016-02-26T09:56:30.659Z", "checked_out": false}}, {"model": "cart.cart", "pk": 36, "fields": {"creation_date": "2016-02-26T09:58:09.997Z", "checked_out": false}}, {"model": "cart.cart", "pk": 37, "fields": {"creation_date": "2016-02-26T09:58:11.895Z", "checked_out": false}}, {"model": "cart.cart", "pk": 38, "fields": {"creation_date": "2016-02-26T09:58:14.108Z", "checked_out": false}}, {"model": "cart.cart", "pk": 39, "fields": {"creation_date": "2016-02-26T09:58:15.220Z", "checked_out": false}}, {"model": "cart.cart", "pk": 40, "fields": {"creation_date": "2016-02-26T10:07:55.015Z", "checked_out": false}}, {"model": "cart.cart", "pk": 41, "fields": {"creation_date": "2016-02-26T10:22:06.005Z", "checked_out": false}}, {"model": "cart.cart", "pk": 42, "fields": {"creation_date": "2016-02-27T10:46:51.753Z", "checked_out": false}}, {"model": "cart.cart", "pk": 43, "fields": {"creation_date": "2016-02-27T10:46:53.912Z", "checked_out": false}}, {"model": "cart.cart", "pk": 44, "fields": {"creation_date": "2016-02-27T10:47:35.361Z", "checked_out": false}}, {"model": "cart.cart", "pk": 45, "fields": {"creation_date": "2016-02-27T10:52:28.223Z", "checked_out": false}}, {"model": "cart.cart", "pk": 46, "fields": {"creation_date": "2016-02-27T10:53:03.652Z", "checked_out": false}}, {"model": "cart.cart", "pk": 47, "fields": {"creation_date": "2016-02-27T10:55:40.194Z", "checked_out": false}}, {"model": "cart.cart", "pk": 48, "fields": {"creation_date": "2016-02-27T10:58:17.199Z", "checked_out": false}}, {"model": "cart.cart", "pk": 49, "fields": {"creation_date": "2016-02-27T11:42:59.176Z", "checked_out": false}}, {"model": "cart.cart", "pk": 50, "fields": {"creation_date": "2016-02-27T11:44:32.777Z", "checked_out": false}}, {"model": "cart.cart", "pk": 51, "fields": {"creation_date": "2016-02-27T11:44:34.166Z", "checked_out": false}}, {"model": "cart.cart", "pk": 52, "fields": {"creation_date": "2016-02-27T11:45:33.481Z", "checked_out": false}}, {"model": "cart.cart", "pk": 53, "fields": {"creation_date": "2016-02-27T11:47:20.682Z", "checked_out": false}}, {"model": "cart.cart", "pk": 54, "fields": {"creation_date": "2016-02-27T11:47:24.897Z", "checked_out": false}}, {"model": "cart.cart", "pk": 55, "fields": {"creation_date": "2016-02-27T11:48:20.350Z", "checked_out": false}}, {"model": "cart.cart", "pk": 56, "fields": {"creation_date": "2016-02-28T10:48:16.530Z", "checked_out": false}}, {"model": "cart.cart", "pk": 57, "fields": {"creation_date": "2016-02-29T18:01:37.155Z", "checked_out": false}}, {"model": "cart.cart", "pk": 58, "fields": {"creation_date": "2016-02-29T19:21:04.096Z", "checked_out": false}}, {"model": "cart.cart", "pk": 59, "fields": {"creation_date": "2016-02-29T19:23:27.769Z", "checked_out": false}}, {"model": "cart.cart", "pk": 60, "fields": {"creation_date": "2016-02-29T19:23:32.525Z", "checked_out": false}}, {"model": "cart.cart", "pk": 61, "fields": {"creation_date": "2016-02-29T19:23:34.976Z", "checked_out": false}}, {"model": "cart.cart", "pk": 62, "fields": {"creation_date": "2016-03-02T21:02:18.518Z", "checked_out": false}}, {"model": "cart.cart", "pk": 63, "fields": {"creation_date": "2016-03-02T21:02:27.111Z", "checked_out": false}}, {"model": "cart.cart", "pk": 64, "fields": {"creation_date": "2016-03-02T21:02:36.683Z", "checked_out": false}}, {"model": "cart.cart", "pk": 65, "fields": {"creation_date": "2016-03-02T21:07:12.450Z", "checked_out": false}}, {"model": "cart.cart", "pk": 66, "fields": {"creation_date": "2016-03-02T21:17:54.820Z", "checked_out": false}}, {"model": "cart.cart", "pk": 67, "fields": {"creation_date": "2016-03-02T21:28:18.138Z", "checked_out": false}}, {"model": "cart.item", "pk": 1, "fields": {"cart": 16, "quantity": 1, "unit_price": "10.05", "content_type": 11, "object_id": 1}}, {"model": "cart.item", "pk": 2, "fields": {"cart": 17, "quantity": 1, "unit_price": "10.05", "content_type": 11, "object_id": 1}}, {"model": "cart.item", "pk": 3, "fields": {"cart": 19, "quantity": 1, "unit_price": "10.05", "content_type": 11, "object_id": 1}}, {"model": "cart.item", "pk": 4, "fields": {"cart": 20, "quantity": 1, "unit_price": "10.01", "content_type": 11, "object_id": 2}}, {"model": "cart.item", "pk": 5, "fields": {"cart": 20, "quantity": 1, "unit_price": "10.05", "content_type": 11, "object_id": 1}}, {"model": "cart.item", "pk": 6, "fields": {"cart": 24, "quantity": 1, "unit_price": "10.05", "content_type": 11, "object_id": 1}}, {"model": "cart.item", "pk": 7, "fields": {"cart": 29, "quantity": 1, "unit_price": "10.05", "content_type": 11, "object_id": 1}}, {"model": "cart.item", "pk": 8, "fields": {"cart": 30, "quantity": 1, "unit_price": "10.05", "content_type": 11, "object_id": 1}}, {"model": "cart.item", "pk": 9, "fields": {"cart": 31, "quantity": 1, "unit_price": "10.01", "content_type": 11, "object_id": 2}}, {"model": "cart.item", "pk": 10, "fields": {"cart": 32, "quantity": 1, "unit_price": "10.01", "content_type": 11, "object_id": 2}}, {"model": "cart.item", "pk": 11, "fields": {"cart": 33, "quantity": 1, "unit_price": "10.05", "content_type": 11, "object_id": 1}}, {"model": "cart.item", "pk": 12, "fields": {"cart": 34, "quantity": 1, "unit_price": "10.01", "content_type": 11, "object_id": 2}}, {"model": "cart.item", "pk": 13, "fields": {"cart": 39, "quantity": 1, "unit_price": "10.05", "content_type": 11, "object_id": 1}}, {"model": "cart.item", "pk": 14, "fields": {"cart": 39, "quantity": 3, "unit_price": "10.01", "content_type": 11, "object_id": 2}}, {"model": "cart.item", "pk": 15, "fields": {"cart": 40, "quantity": 2, "unit_price": "8.00", "content_type": 11, "object_id": 2}}, {"model": "cart.item", "pk": 16, "fields": {"cart": 40, "quantity": 1, "unit_price": "7.00", "content_type": 11, "object_id": 1}}, {"model": "cart.item", "pk": 17, "fields": {"cart": 43, "quantity": 4, "unit_price": "10.01", "content_type": 11, "object_id": 2}}, {"model": "cart.item", "pk": 18, "fields": {"cart": 44, "quantity": 4, "unit_price": "10.01", "content_type": 11, "object_id": 2}}, {"model": "cart.item", "pk": 19, "fields": {"cart": 45, "quantity": 1, "unit_price": "10.01", "content_type": 11, "object_id": 2}}, {"model": "cart.item", "pk": 20, "fields": {"cart": 46, "quantity": 4, "unit_price": "10.01", "content_type": 11, "object_id": 2}}, {"model": "cart.item", "pk": 21, "fields": {"cart": 47, "quantity": 5, "unit_price": "10.01", "content_type": 11, "object_id": 2}}, {"model": "cart.item", "pk": 22, "fields": {"cart": 48, "quantity": 11, "unit_price": "10.05", "content_type": 11, "object_id": 1}}, {"model": "cart.item", "pk": 23, "fields": {"cart": 48, "quantity": 1, "unit_price": "10.01", "content_type": 11, "object_id": 2}}, {"model": "cart.item", "pk": 24, "fields": {"cart": 55, "quantity": 3, "unit_price": "8.00", "content_type": 11, "object_id": 2}}, {"model": "cart.item", "pk": 25, "fields": {"cart": 55, "quantity": 5, "unit_price": "7.00", "content_type": 11, "object_id": 1}}, {"model": "cart.item", "pk": 31, "fields": {"cart": 56, "quantity": 2, "unit_price": "10.05", "content_type": 11, "object_id": 1}}, {"model": "cart.item", "pk": 32, "fields": {"cart": 56, "quantity": 2, "unit_price": "10.01", "content_type": 11, "object_id": 2}}, {"model": "cart.item", "pk": 33, "fields": {"cart": 61, "quantity": 2, "unit_price": "10.05", "content_type": 11, "object_id": 1}}, {"model": "cart.item", "pk": 34, "fields": {"cart": 67, "quantity": 12, "unit_price": "6.00", "content_type": 11, "object_id": 3}}, {"model": "cart.item", "pk": 38, "fields": {"cart": 67, "quantity": 1, "unit_price": "6.00", "content_type": 11, "object_id": 5}}, {"model": "cart.item", "pk": 45, "fields": {"cart": 67, "quantity": 1, "unit_price": "6.00", "content_type": 11, "object_id": 9}}, {"model": "hotpot.menuitem", "pk": 3, "fields": {"name": "Minestrone mit saisonalem Gem\u00fcse*", "description": "gut f\u00fcr die Mitte, kr\u00e4ftigend", "category": 4, "unit_price": "6.00"}}, {"model": "hotpot.menuitem", "pk": 4, "fields": {"name": "Fastensuppe: Buddhistische Reissuppe mit Gem\u00fcse*", "description": "salzreduziert, verleiht Energie und bindet Feuchtigkeit", "category": 4, "unit_price": "6.00"}}, {"model": "hotpot.menuitem", "pk": 5, "fields": {"name": "Tomaten \u2013 Kokos Suppe*", "description": "baut Blut und S\u00e4fte auf", "category": 4, "unit_price": "6.00"}}, {"model": "hotpot.menuitem", "pk": 6, "fields": {"name": "Sweet Bataten Suppe*", "description": "erdig und harmonisierend", "category": 4, "unit_price": "6.00"}}, {"model": "hotpot.menuitem", "pk": 7, "fields": {"name": "Hokkaido \u2013 Kokos Suppe*", "description": "harmonisiert und st\u00e4rkt das Qi", "category": 4, "unit_price": "6.00"}}, {"model": "hotpot.menuitem", "pk": 8, "fields": {"name": "Zucchini \u2013 Lavendel Suppe*", "description": "erfrischend und bek\u00f6mmlich", "category": 4, "unit_price": "6.00"}}, {"model": "hotpot.menuitem", "pk": 9, "fields": {"name": "Rote R\u00fcben \u2013 Apfel \u2013 Ingwer Suppe*", "description": "w\u00e4rmt und f\u00f6rdert die Blutbildung", "category": 4, "unit_price": "6.00"}}, {"model": "hotpot.menuitem", "pk": 10, "fields": {"name": "Pikante Kraut Suppe*", "description": "wirkt entschlackend", "category": 4, "unit_price": "6.00"}}, {"model": "hotpot.menuitem", "pk": 11, "fields": {"name": "Kichererbseneintopf mit Rinderfaschiertem und Minze", "description": "st\u00e4rkt die Nierenenergie und f\u00f6rdert die Verdauung", "category": 5, "unit_price": "9.00"}}, {"model": "hotpot.menuitem", "pk": 12, "fields": {"name": "Reisfleisch mit Paprika", "description": "verdauungsf\u00f6rdernd, st\u00e4rkt das Yin", "category": 5, "unit_price": "9.00"}}, {"model": "hotpot.menuitem", "pk": 13, "fields": {"name": "Lemongras Dal mit roten und gelben R\u00fcben*", "description": "kr\u00e4ftigt die Nierenenergie, f\u00f6rdert die Blutbildung", "category": 5, "unit_price": "9.00"}}, {"model": "hotpot.menuitem", "pk": 14, "fields": {"name": "\u201cBetthupferl\u201d Dinkelgrie\u00df mit Mohn und Birnen*", "description": "beruhigt den Magen und das Gem\u00fct (410 ml)", "category": 6, "unit_price": "4.00"}}, {"model": "hotpot.menuitem", "pk": 15, "fields": {"name": "Hirsem\u00fcsli mit Apfel \u2013 Kokosmus*", "description": "Labsal f\u00fcr Magen, Milz und Lunge (410 ml)", "category": 6, "unit_price": "5.00"}}, {"model": "hotpot.category", "pk": 4, "fields": {"name": "Suppen"}}, {"model": "hotpot.category", "pk": 5, "fields": {"name": "Eint\u00f6pfe"}}, {"model": "hotpot.category", "pk": 6, "fields": {"name": "M\u00fcsli \u2013 Kompotte"}}, {"model": "hotpot.itembatch", "pk": 3, "fields": {"item": 3, "amount": 12, "menu": 2}}, {"model": "hotpot.itembatch", "pk": 4, "fields": {"item": 5, "amount": 55, "menu": 2}}, {"model": "hotpot.itembatch", "pk": 5, "fields": {"item": 4, "amount": 123, "menu": 2}}, {"model": "hotpot.itembatch", "pk": 6, "fields": {"item": 6, "amount": 323, "menu": 2}}, {"model": "hotpot.itembatch", "pk": 7, "fields": {"item": 7, "amount": 44, "menu": 2}}, {"model": "hotpot.itembatch", "pk": 8, "fields": {"item": 8, "amount": 4242, "menu": 2}}, {"model": "hotpot.itembatch", "pk": 9, "fields": {"item": 9, "amount": 12, "menu": 2}}, {"model": "hotpot.itembatch", "pk": 10, "fields": {"item": 10, "amount": 44, "menu": 2}}, {"model": "hotpot.itembatch", "pk": 11, "fields": {"item": 11, "amount": 11, "menu": 2}}, {"model": "hotpot.itembatch", "pk": 12, "fields": {"item": 12, "amount": 12, "menu": 2}}, {"model": "hotpot.itembatch", "pk": 13, "fields": {"item": 13, "amount": 444, "menu": 2}}, {"model": "hotpot.itembatch", "pk": 14, "fields": {"item": 14, "amount": 12, "menu": 2}}, {"model": "hotpot.itembatch", "pk": 15, "fields": {"item": 15, "amount": 44, "menu": 2}}, {"model": "hotpot.menu", "pk": 1, "fields": {"time_from": "2016-02-10T14:00:00Z", "time_to": "2016-03-02T14:00:00Z"}}, {"model": "hotpot.menu", "pk": 2, "fields": {"time_from": "2016-03-02T14:00:00Z", "time_to": "2016-03-16T14:00:00Z"}}, {"model": "hotpot.order", "pk": 1, "fields": {"order_year": "2016-02-26", "order_number": 1, "timestamp": "2016-02-26T10:22:05.667Z", "delivery_date": "2016-03-01", "title": "", "first_name": "oh", "family_name": "oihoi", "email": "ho", "phone": "ih", "address": "oih", "zip": "oih", "place": "qewtr", "note": "", "total_price": "0.00"}}, {"model": "hotpot.order", "pk": 2, "fields": {"order_year": "2016-02-27", "order_number": 2, "timestamp": "2016-02-27T10:47:35.081Z", "delivery_date": "2016-03-01", "title": "", "first_name": "jojo", "family_name": "ojo", "email": "joi", "phone": "joi", "address": "hoi", "zip": "ho", "place": "oih", "note": "ohi", "total_price": "0.00"}}, {"model": "hotpot.order", "pk": 3, "fields": {"order_year": "2016-02-27", "order_number": 3, "timestamp": "2016-02-27T10:52:27.916Z", "delivery_date": "2016-03-01", "title": "", "first_name": "ouzuzi", "family_name": "uziu", "email": "ziuz", "phone": "iuz", "address": "iuzi", "zip": "uziu", "place": "ziuz", "note": "iuzi", "total_price": "0.00"}}, {"model": "hotpot.order", "pk": 4, "fields": {"order_year": "2016-02-27", "order_number": 4, "timestamp": "2016-02-27T10:53:03.320Z", "delivery_date": "2016-03-02", "title": "", "first_name": "wqd", "family_name": "oih", "email": "oih", "phone": "hoih", "address": "oih", "zip": "oih", "place": "oih", "note": "oihoih", "total_price": "0.00"}}, {"model": "hotpot.order", "pk": 5, "fields": {"order_year": "2016-02-27", "order_number": 5, "timestamp": "2016-02-27T10:55:39.832Z", "delivery_date": "2016-03-01", "title": "", "first_name": "qweoih", "family_name": "oiu", "email": "oih", "phone": "oih", "address": "oih", "zip": "oih", "place": "io", "note": "hoi", "total_price": "0.00"}}, {"model": "hotpot.order", "pk": 6, "fields": {"order_year": "2016-02-27", "order_number": 6, "timestamp": "2016-02-27T10:58:16.886Z", "delivery_date": "2016-03-01", "title": "", "first_name": "qwe", "family_name": "qwe", "email": "qwe", "phone": "qwe", "address": "qe", "zip": "qwe", "place": "e", "note": "qwe", "total_price": "0.00"}}, {"model": "hotpot.order", "pk": 7, "fields": {"order_year": "2016-02-28", "order_number": 7, "timestamp": "2016-02-28T10:44:47.017Z", "delivery_date": "2016-03-01", "title": "", "first_name": "asdoih", "family_name": "oi", "email": "oih", "phone": "oi", "address": "hoi", "zip": "gewg", "place": "wegeg", "note": "", "total_price": "0.00"}}, {"model": "hotpot.order", "pk": 8, "fields": {"order_year": "2016-02-28", "order_number": 8, "timestamp": "2016-02-28T10:47:46.679Z", "delivery_date": "2016-03-01", "title": "", "first_name": "asdoih", "family_name": "oi", "email": "oih", "phone": "oi", "address": "hoi", "zip": "gewg", "place": "wegeg", "note": "", "total_price": "0.00"}}, {"model": "hotpot.order", "pk": 9, "fields": {"order_year": "2016-02-28", "order_number": 9, "timestamp": "2016-02-28T10:48:16.179Z", "delivery_date": "2016-03-01", "title": "", "first_name": "asdoih", "family_name": "oi", "email": "oih", "phone": "oi", "address": "hoi", "zip": "gewg", "place": "wegeg", "note": "", "total_price": "0.00"}}, {"model": "hotpot.order", "pk": 10, "fields": {"order_year": "2016-02-28", "order_number": 10, "timestamp": "2016-02-28T10:51:40.259Z", "delivery_date": "2016-03-01", "title": "", "first_name": "hiu", "family_name": "iuhiuh", "email": "iuh", "phone": "iuhiuhi", "address": "hiuhiuhiu", "zip": "hwef", "place": "wef", "note": "", "total_price": "0.00"}}, {"model": "hotpot.order", "pk": 11, "fields": {"order_year": "2016-02-28", "order_number": 11, "timestamp": "2016-02-28T11:01:20.631Z", "delivery_date": "2016-03-01", "title": "", "first_name": "ojoj", "family_name": "ojo", "email": "j", "phone": "oj", "address": "pjph", "zip": "hiu", "place": "uh", "note": "iuhiu", "total_price": "0.00"}}, {"model": "hotpot.order", "pk": 12, "fields": {"order_year": "2016-02-28", "order_number": 12, "timestamp": "2016-02-28T11:03:43.150Z", "delivery_date": "2016-03-01", "title": "", "first_name": "qwe", "family_name": "qwe", "email": "qwe", "phone": "bn", "address": "mnb", "zip": "nmbnm", "place": "bm", "note": "", "total_price": "0.00"}}, {"model": "hotpot.order", "pk": 13, "fields": {"order_year": "2016-02-28", "order_number": 13, "timestamp": "2016-02-28T11:16:44.220Z", "delivery_date": "2016-03-01", "title": "", "first_name": "oj", "family_name": "oj", "email": "ojo", "phone": "oj", "address": "jpo", "zip": "poj", "place": "poj", "note": "", "total_price": "0.00"}}, {"model": "hotpot.order", "pk": 14, "fields": {"order_year": "2016-02-28", "order_number": 14, "timestamp": "2016-02-28T12:50:47.724Z", "delivery_date": "2016-03-02", "title": "", "first_name": "x", "family_name": "x", "email": "x", "phone": "x", "address": "x", "zip": "x", "place": "x", "note": "x", "total_price": null}}, {"model": "hotpot.order", "pk": 15, "fields": {"order_year": "2016-02-28", "order_number": 15, "timestamp": "2016-02-28T12:51:44.853Z", "delivery_date": "2016-03-02", "title": "", "first_name": "x", "family_name": "x", "email": "x", "phone": "x", "address": "x", "zip": "x", "place": "x", "note": "x", "total_price": null}}, {"model": "hotpot.order", "pk": 16, "fields": {"order_year": "2016-02-28", "order_number": 16, "timestamp": "2016-02-28T12:52:45.778Z", "delivery_date": "2016-03-02", "title": "", "first_name": "x", "family_name": "x", "email": "x", "phone": "x", "address": "x", "zip": "x", "place": "x", "note": "x", "total_price": "50.12"}}, {"model": "hotpot.order", "pk": 17, "fields": {"order_year": "2016-02-28", "order_number": 17, "timestamp": "2016-02-28T19:59:40.705Z", "delivery_date": "2016-03-01", "title": "", "first_name": "x", "family_name": "x", "email": "x", "phone": "x", "address": "x", "zip": "x", "place": "x", "note": "", "total_price": "40.11"}}, {"model": "hotpot.order", "pk": 18, "fields": {"order_year": "2016-02-28", "order_number": 18, "timestamp": "2016-02-28T20:00:59.049Z", "delivery_date": "2016-03-01", "title": "", "first_name": "x", "family_name": "x", "email": "x", "phone": "x", "address": "x", "zip": "x", "place": "x", "note": "", "total_price": "40.11"}}, {"model": "hotpot.order", "pk": 19, "fields": {"order_year": "2016-02-28", "order_number": 19, "timestamp": "2016-02-28T20:04:39.135Z", "delivery_date": "2016-03-01", "title": "", "first_name": "x", "family_name": "x", "email": "x", "phone": "x", "address": "x", "zip": "x", "place": "x", "note": "", "total_price": "40.11"}}, {"model": "hotpot.order", "pk": 20, "fields": {"order_year": "2016-02-28", "order_number": 20, "timestamp": "2016-02-28T20:10:49.100Z", "delivery_date": "2016-03-02", "title": "", "first_name": "x", "family_name": "x", "email": "x", "phone": "x", "address": "x", "zip": "x", "place": "x", "note": "", "total_price": "50.12"}}, {"model": "hotpot.order", "pk": 21, "fields": {"order_year": "2016-02-28", "order_number": 21, "timestamp": "2016-02-28T20:12:35.305Z", "delivery_date": "2016-03-02", "title": "", "first_name": "x", "family_name": "x", "email": "x", "phone": "x", "address": "x", "zip": "x", "place": "x", "note": "", "total_price": "50.12"}}, {"model": "hotpot.order", "pk": 22, "fields": {"order_year": "2016-02-28", "order_number": 22, "timestamp": "2016-02-28T20:12:37.716Z", "delivery_date": "2016-03-02", "title": "", "first_name": "x", "family_name": "x", "email": "x", "phone": "x", "address": "x", "zip": "x", "place": "x", "note": "", "total_price": "50.12"}}, {"model": "hotpot.order", "pk": 23, "fields": {"order_year": "2016-02-28", "order_number": 23, "timestamp": "2016-02-28T20:13:08.865Z", "delivery_date": "2016-03-02", "title": "", "first_name": "x", "family_name": "x", "email": "x", "phone": "x", "address": "x", "zip": "x", "place": "x", "note": "", "total_price": "50.12"}}, {"model": "hotpot.order", "pk": 24, "fields": {"order_year": "2016-02-28", "order_number": 24, "timestamp": "2016-02-28T20:13:11.021Z", "delivery_date": "2016-03-02", "title": "", "first_name": "x", "family_name": "x", "email": "x", "phone": "x", "address": "x", "zip": "x", "place": "x", "note": "", "total_price": "50.12"}}, {"model": "hotpot.order", "pk": 25, "fields": {"order_year": "2016-02-28", "order_number": 25, "timestamp": "2016-02-28T20:21:53.839Z", "delivery_date": "2016-03-01", "title": "", "first_name": "x", "family_name": "x", "email": "x", "phone": "x", "address": "x", "zip": "x", "place": "x", "note": "", "total_price": "50.12"}}, {"model": "hotpot.order", "pk": 26, "fields": {"order_year": "2016-02-28", "order_number": 26, "timestamp": "2016-02-28T20:22:46.936Z", "delivery_date": "2016-03-01", "title": "", "first_name": "x", "family_name": "x", "email": "x", "phone": "x", "address": "x", "zip": "x", "place": "x", "note": "", "total_price": "50.12"}}, {"model": "hotpot.order", "pk": 27, "fields": {"order_year": "2016-02-28", "order_number": 27, "timestamp": "2016-02-28T20:43:08.296Z", "delivery_date": "2016-03-01", "title": "", "first_name": "x", "family_name": "x", "email": "x", "phone": "x", "address": "x", "zip": "x", "place": "x", "note": "", "total_price": "50.12"}}, {"model": "hotpot.order", "pk": 28, "fields": {"order_year": "2016-02-29", "order_number": 28, "timestamp": "2016-02-29T19:41:40.554Z", "delivery_date": "2016-03-01", "title": "", "first_name": "hh", "family_name": "h", "email": "h", "phone": "h", "address": "h", "zip": "h", "place": "h", "note": "h", "total_price": "30.10"}}, {"model": "hotpot.retailer", "pk": 1, "fields": {"password": "test2"}}, {"model": "hotpot.shipping", "pk": 1, "fields": {"price": "10.00", "treshold": "50.00"}}, {"model": "hotpot.deliverydays", "pk": 1, "fields": {"shipping": 1, "day": 1, "time": "14:00:00"}}, {"model": "hotpot.deliverydays", "pk": 2, "fields": {"shipping": 1, "day": 2, "time": "14:00:00"}}, {"model": "auth.permission", "pk": 1, "fields": {"name": "Can add log entry", "content_type": 1, "codename": "add_logentry"}}, {"model": "auth.permission", "pk": 2, "fields": {"name": "Can change log entry", "content_type": 1, "codename": "change_logentry"}}, {"model": "auth.permission", "pk": 3, "fields": {"name": "Can delete log entry", "content_type": 1, "codename": "delete_logentry"}}, {"model": "auth.permission", "pk": 4, "fields": {"name": "Can add permission", "content_type": 2, "codename": "add_permission"}}, {"model": "auth.permission", "pk": 5, "fields": {"name": "Can change permission", "content_type": 2, "codename": "change_permission"}}, {"model": "auth.permission", "pk": 6, "fields": {"name": "Can delete permission", "content_type": 2, "codename": "delete_permission"}}, {"model": "auth.permission", "pk": 7, "fields": {"name": "Can add group", "content_type": 3, "codename": "add_group"}}, {"model": "auth.permission", "pk": 8, "fields": {"name": "Can change group", "content_type": 3, "codename": "change_group"}}, {"model": "auth.permission", "pk": 9, "fields": {"name": "Can delete group", "content_type": 3, "codename": "delete_group"}}, {"model": "auth.permission", "pk": 10, "fields": {"name": "Can add user", "content_type": 4, "codename": "add_user"}}, {"model": "auth.permission", "pk": 11, "fields": {"name": "Can change user", "content_type": 4, "codename": "change_user"}}, {"model": "auth.permission", "pk": 12, "fields": {"name": "Can delete user", "content_type": 4, "codename": "delete_user"}}, {"model": "auth.permission", "pk": 13, "fields": {"name": "Can add content type", "content_type": 5, "codename": "add_contenttype"}}, {"model": "auth.permission", "pk": 14, "fields": {"name": "Can change content type", "content_type": 5, "codename": "change_contenttype"}}, {"model": "auth.permission", "pk": 15, "fields": {"name": "Can delete content type", "content_type": 5, "codename": "delete_contenttype"}}, {"model": "auth.permission", "pk": 16, "fields": {"name": "Can add session", "content_type": 6, "codename": "add_session"}}, {"model": "auth.permission", "pk": 17, "fields": {"name": "Can change session", "content_type": 6, "codename": "change_session"}}, {"model": "auth.permission", "pk": 18, "fields": {"name": "Can delete session", "content_type": 6, "codename": "delete_session"}}, {"model": "auth.permission", "pk": 19, "fields": {"name": "Can add site", "content_type": 7, "codename": "add_site"}}, {"model": "auth.permission", "pk": 20, "fields": {"name": "Can change site", "content_type": 7, "codename": "change_site"}}, {"model": "auth.permission", "pk": 21, "fields": {"name": "Can delete site", "content_type": 7, "codename": "delete_site"}}, {"model": "auth.permission", "pk": 22, "fields": {"name": "Can add cart", "content_type": 8, "codename": "add_cart"}}, {"model": "auth.permission", "pk": 23, "fields": {"name": "Can change cart", "content_type": 8, "codename": "change_cart"}}, {"model": "auth.permission", "pk": 24, "fields": {"name": "Can delete cart", "content_type": 8, "codename": "delete_cart"}}, {"model": "auth.permission", "pk": 25, "fields": {"name": "Can add item", "content_type": 9, "codename": "add_item"}}, {"model": "auth.permission", "pk": 26, "fields": {"name": "Can change item", "content_type": 9, "codename": "change_item"}}, {"model": "auth.permission", "pk": 27, "fields": {"name": "Can delete item", "content_type": 9, "codename": "delete_item"}}, {"model": "auth.permission", "pk": 28, "fields": {"name": "Can add menu item retailer price", "content_type": 10, "codename": "add_menuitemretailerprice"}}, {"model": "auth.permission", "pk": 29, "fields": {"name": "Can change menu item retailer price", "content_type": 10, "codename": "change_menuitemretailerprice"}}, {"model": "auth.permission", "pk": 30, "fields": {"name": "Can delete menu item retailer price", "content_type": 10, "codename": "delete_menuitemretailerprice"}}, {"model": "auth.permission", "pk": 31, "fields": {"name": "Can add menu item", "content_type": 11, "codename": "add_menuitem"}}, {"model": "auth.permission", "pk": 32, "fields": {"name": "Can change menu item", "content_type": 11, "codename": "change_menuitem"}}, {"model": "auth.permission", "pk": 33, "fields": {"name": "Can delete menu item", "content_type": 11, "codename": "delete_menuitem"}}, {"model": "auth.permission", "pk": 34, "fields": {"name": "Can add category", "content_type": 12, "codename": "add_category"}}, {"model": "auth.permission", "pk": 35, "fields": {"name": "Can change category", "content_type": 12, "codename": "change_category"}}, {"model": "auth.permission", "pk": 36, "fields": {"name": "Can delete category", "content_type": 12, "codename": "delete_category"}}, {"model": "auth.permission", "pk": 37, "fields": {"name": "Can add menu", "content_type": 13, "codename": "add_menu"}}, {"model": "auth.permission", "pk": 38, "fields": {"name": "Can change menu", "content_type": 13, "codename": "change_menu"}}, {"model": "auth.permission", "pk": 39, "fields": {"name": "Can delete menu", "content_type": 13, "codename": "delete_menu"}}, {"model": "auth.permission", "pk": 40, "fields": {"name": "Can add order item", "content_type": 14, "codename": "add_orderitem"}}, {"model": "auth.permission", "pk": 41, "fields": {"name": "Can change order item", "content_type": 14, "codename": "change_orderitem"}}, {"model": "auth.permission", "pk": 42, "fields": {"name": "Can delete order item", "content_type": 14, "codename": "delete_orderitem"}}, {"model": "auth.permission", "pk": 46, "fields": {"name": "Can add order", "content_type": 16, "codename": "add_order"}}, {"model": "auth.permission", "pk": 47, "fields": {"name": "Can change order", "content_type": 16, "codename": "change_order"}}, {"model": "auth.permission", "pk": 48, "fields": {"name": "Can delete order", "content_type": 16, "codename": "delete_order"}}, {"model": "auth.permission", "pk": 49, "fields": {"name": "Can add retailer", "content_type": 17, "codename": "add_retailer"}}, {"model": "auth.permission", "pk": 50, "fields": {"name": "Can change retailer", "content_type": 17, "codename": "change_retailer"}}, {"model": "auth.permission", "pk": 51, "fields": {"name": "Can delete retailer", "content_type": 17, "codename": "delete_retailer"}}, {"model": "auth.permission", "pk": 52, "fields": {"name": "Can add Shipping", "content_type": 18, "codename": "add_shipping"}}, {"model": "auth.permission", "pk": 53, "fields": {"name": "Can change Shipping", "content_type": 18, "codename": "change_shipping"}}, {"model": "auth.permission", "pk": 54, "fields": {"name": "Can delete Shipping", "content_type": 18, "codename": "delete_shipping"}}, {"model": "auth.permission", "pk": 55, "fields": {"name": "Can add delivery days", "content_type": 19, "codename": "add_deliverydays"}}, {"model": "auth.permission", "pk": 56, "fields": {"name": "Can change delivery days", "content_type": 19, "codename": "change_deliverydays"}}, {"model": "auth.permission", "pk": 57, "fields": {"name": "Can delete delivery days", "content_type": 19, "codename": "delete_deliverydays"}}, {"model": "auth.permission", "pk": 58, "fields": {"name": "Can add newsletter subscriber", "content_type": 20, "codename": "add_newslettersubscriber"}}, {"model": "auth.permission", "pk": 59, "fields": {"name": "Can change newsletter subscriber", "content_type": 20, "codename": "change_newslettersubscriber"}}, {"model": "auth.permission", "pk": 60, "fields": {"name": "Can delete newsletter subscriber", "content_type": 20, "codename": "delete_newslettersubscriber"}}, {"model": "auth.permission", "pk": 61, "fields": {"name": "Can add item batch", "content_type": 21, "codename": "add_itembatch"}}, {"model": "auth.permission", "pk": 62, "fields": {"name": "Can change item batch", "content_type": 21, "codename": "change_itembatch"}}, {"model": "auth.permission", "pk": 63, "fields": {"name": "Can delete item batch", "content_type": 21, "codename": "delete_itembatch"}}, {"model": "auth.user", "pk": 1, "fields": {"password": "pbkdf2_sha256$24000$A1hpinkHDuQx$qJTfwP8MlS0rjMtuWQTsp3EM3qKgzrvCCT0zfHiMqCQ=", "last_login": "2016-03-02T22:31:46.183Z", "is_superuser": true, "username": "admin", "first_name": "", "last_name": "", "email": "admin@hotpot.at", "is_staff": true, "is_active": true, "date_joined": "2016-02-26T08:44:41.345Z", "groups": [], "user_permissions": []}}, {"model": "admin.logentry", "pk": 1, "fields": {"action_time": "2016-02-26T08:45:14.797Z", "user": 1, "content_type": 12, "object_id": "1", "object_repr": "Soup", "action_flag": 1, "change_message": "Added."}}, {"model": "admin.logentry", "pk": 2, "fields": {"action_time": "2016-02-26T08:45:30.157Z", "user": 1, "content_type": 12, "object_id": "2", "object_repr": "Muesli", "action_flag": 1, "change_message": "Added."}}, {"model": "admin.logentry", "pk": 3, "fields": {"action_time": "2016-02-26T08:45:41.792Z", "user": 1, "content_type": 12, "object_id": "3", "object_repr": "Eintopf", "action_flag": 1, "change_message": "Added."}}, {"model": "admin.logentry", "pk": 4, "fields": {"action_time": "2016-02-26T08:46:12.523Z", "user": 1, "content_type": 11, "object_id": "1", "object_repr": "Soup 1", "action_flag": 1, "change_message": "Added."}}, {"model": "admin.logentry", "pk": 5, "fields": {"action_time": "2016-02-26T08:46:23.676Z", "user": 1, "content_type": 11, "object_id": "2", "object_repr": "Soup 2", "action_flag": 1, "change_message": "Added."}}, {"model": "admin.logentry", "pk": 6, "fields": {"action_time": "2016-02-26T08:46:34.125Z", "user": 1, "content_type": 17, "object_id": "1", "object_repr": "test2", "action_flag": 1, "change_message": "Added."}}, {"model": "admin.logentry", "pk": 7, "fields": {"action_time": "2016-02-26T09:00:06.617Z", "user": 1, "content_type": 11, "object_id": "2", "object_repr": "Soup 2", "action_flag": 2, "change_message": "Added menu item retailer price \"MenuItemRetailerPrice object\"."}}, {"model": "admin.logentry", "pk": 8, "fields": {"action_time": "2016-02-26T09:00:17.618Z", "user": 1, "content_type": 11, "object_id": "1", "object_repr": "Soup 1", "action_flag": 2, "change_message": "Added menu item retailer price \"MenuItemRetailerPrice object\"."}}, {"model": "admin.logentry", "pk": 9, "fields": {"action_time": "2016-02-26T09:00:54.686Z", "user": 1, "content_type": 13, "object_id": "1", "object_repr": "FROM 2016-02-10 TO 2016-03-02", "action_flag": 1, "change_message": "Added."}}, {"model": "admin.logentry", "pk": 10, "fields": {"action_time": "2016-02-26T09:02:39.892Z", "user": 1, "content_type": 18, "object_id": "1", "object_repr": "Shipping object", "action_flag": 2, "change_message": "Added delivery days \"DeliveryDays object\". Added delivery days \"DeliveryDays object\"."}}, {"model": "admin.logentry", "pk": 11, "fields": {"action_time": "2016-02-27T10:36:28.278Z", "user": 1, "content_type": 13, "object_id": "1", "object_repr": "FROM 2016-02-10 TO 2016-03-02", "action_flag": 2, "change_message": "Added item batch \"ItemBatch object\". Added item batch \"ItemBatch object\"."}}, {"model": "admin.logentry", "pk": 12, "fields": {"action_time": "2016-02-27T10:54:12.475Z", "user": 1, "content_type": 13, "object_id": "1", "object_repr": "FROM 2016-02-10 TO 2016-03-02", "action_flag": 2, "change_message": "Changed amount for item batch \"ItemBatch object\"."}}, {"model": "admin.logentry", "pk": 13, "fields": {"action_time": "2016-02-27T10:57:37.950Z", "user": 1, "content_type": 13, "object_id": "1", "object_repr": "FROM 2016-02-10 TO 2016-03-02", "action_flag": 2, "change_message": "Changed amount for item batch \"ItemBatch object\"."}}, {"model": "admin.logentry", "pk": 14, "fields": {"action_time": "2016-02-27T10:57:54.035Z", "user": 1, "content_type": 13, "object_id": "1", "object_repr": "FROM 2016-02-10 TO 2016-03-02", "action_flag": 2, "change_message": "No fields changed."}}, {"model": "admin.logentry", "pk": 15, "fields": {"action_time": "2016-02-27T11:37:29.310Z", "user": 1, "content_type": 13, "object_id": "1", "object_repr": "FROM 2016-02-10 TO 2016-03-02", "action_flag": 2, "change_message": "Changed amount for item batch \"ItemBatch object\"."}}, {"model": "admin.logentry", "pk": 16, "fields": {"action_time": "2016-02-28T10:51:10.712Z", "user": 1, "content_type": 13, "object_id": "1", "object_repr": "FROM 2016-02-10 TO 2016-03-02", "action_flag": 2, "change_message": "Changed amount for item batch \"ItemBatch object\". Changed amount for item batch \"ItemBatch object\"."}}, {"model": "admin.logentry", "pk": 17, "fields": {"action_time": "2016-02-28T11:16:02.415Z", "user": 1, "content_type": 13, "object_id": "1", "object_repr": "FROM 2016-02-10 TO 2016-03-02", "action_flag": 2, "change_message": "Changed amount for item batch \"ItemBatch object\". Changed amount for item batch \"ItemBatch object\"."}}, {"model": "admin.logentry", "pk": 18, "fields": {"action_time": "2016-02-28T12:49:13.953Z", "user": 1, "content_type": 13, "object_id": "1", "object_repr": "FROM 2016-02-10 TO 2016-03-02", "action_flag": 2, "change_message": "Changed amount for item batch \"ItemBatch object\"."}}, {"model": "admin.logentry", "pk": 19, "fields": {"action_time": "2016-03-02T13:56:49.135Z", "user": 1, "content_type": 12, "object_id": "4", "object_repr": "Suppen", "action_flag": 1, "change_message": "Added."}}, {"model": "admin.logentry", "pk": 20, "fields": {"action_time": "2016-03-02T14:01:24.492Z", "user": 1, "content_type": 12, "object_id": "5", "object_repr": "Eint\u00f6pfe", "action_flag": 1, "change_message": "Added."}}, {"model": "admin.logentry", "pk": 21, "fields": {"action_time": "2016-03-02T14:01:41.255Z", "user": 1, "content_type": 12, "object_id": "6", "object_repr": "M\u00fcsli \u2013 Kompotte", "action_flag": 1, "change_message": "Added."}}, {"model": "admin.logentry", "pk": 22, "fields": {"action_time": "2016-03-02T14:03:52.429Z", "user": 1, "content_type": 11, "object_id": "2", "object_repr": "Soup 2", "action_flag": 3, "change_message": ""}}, {"model": "admin.logentry", "pk": 23, "fields": {"action_time": "2016-03-02T14:03:52.439Z", "user": 1, "content_type": 11, "object_id": "1", "object_repr": "Soup 1", "action_flag": 3, "change_message": ""}}, {"model": "admin.logentry", "pk": 24, "fields": {"action_time": "2016-03-02T14:04:45.159Z", "user": 1, "content_type": 11, "object_id": "3", "object_repr": "Minestrone mit saisonalem Gem\u00fcse*", "action_flag": 1, "change_message": "Added."}}, {"model": "admin.logentry", "pk": 25, "fields": {"action_time": "2016-03-02T14:05:00.898Z", "user": 1, "content_type": 12, "object_id": "3", "object_repr": "Eintopf", "action_flag": 3, "change_message": ""}}, {"model": "admin.logentry", "pk": 26, "fields": {"action_time": "2016-03-02T14:05:00.904Z", "user": 1, "content_type": 12, "object_id": "2", "object_repr": "Muesli", "action_flag": 3, "change_message": ""}}, {"model": "admin.logentry", "pk": 27, "fields": {"action_time": "2016-03-02T14:05:00.910Z", "user": 1, "content_type": 12, "object_id": "1", "object_repr": "Soup", "action_flag": 3, "change_message": ""}}, {"model": "admin.logentry", "pk": 28, "fields": {"action_time": "2016-03-02T14:05:29.393Z", "user": 1, "content_type": 11, "object_id": "4", "object_repr": "Fastensuppe: Buddhistische Reissuppe mit Gem\u00fcse*", "action_flag": 1, "change_message": "Added."}}, {"model": "admin.logentry", "pk": 29, "fields": {"action_time": "2016-03-02T14:05:46.344Z", "user": 1, "content_type": 11, "object_id": "5", "object_repr": "Tomaten \u2013 Kokos Suppe*", "action_flag": 1, "change_message": "Added."}}, {"model": "admin.logentry", "pk": 30, "fields": {"action_time": "2016-03-02T14:06:04.810Z", "user": 1, "content_type": 11, "object_id": "6", "object_repr": "Sweet Bataten Suppe*", "action_flag": 1, "change_message": "Added."}}, {"model": "admin.logentry", "pk": 31, "fields": {"action_time": "2016-03-02T14:06:20.453Z", "user": 1, "content_type": 11, "object_id": "7", "object_repr": "Hokkaido \u2013 Kokos Suppe*", "action_flag": 1, "change_message": "Added."}}, {"model": "admin.logentry", "pk": 32, "fields": {"action_time": "2016-03-02T14:06:41.678Z", "user": 1, "content_type": 11, "object_id": "8", "object_repr": "Zucchini \u2013 Lavendel Suppe*", "action_flag": 1, "change_message": "Added."}}, {"model": "admin.logentry", "pk": 33, "fields": {"action_time": "2016-03-02T14:07:01.507Z", "user": 1, "content_type": 11, "object_id": "9", "object_repr": "Rote R\u00fcben \u2013 Apfel \u2013 Ingwer Suppe*", "action_flag": 1, "change_message": "Added."}}, {"model": "admin.logentry", "pk": 34, "fields": {"action_time": "2016-03-02T14:07:16.415Z", "user": 1, "content_type": 11, "object_id": "10", "object_repr": "Pikante Kraut Suppe*", "action_flag": 1, "change_message": "Added."}}, {"model": "admin.logentry", "pk": 35, "fields": {"action_time": "2016-03-02T14:07:39.751Z", "user": 1, "content_type": 11, "object_id": "11", "object_repr": "Kichererbseneintopf mit Rinderfaschiertem und Minze", "action_flag": 1, "change_message": "Added."}}, {"model": "admin.logentry", "pk": 36, "fields": {"action_time": "2016-03-02T14:07:53.936Z", "user": 1, "content_type": 11, "object_id": "12", "object_repr": "Reisfleisch mit Paprika", "action_flag": 1, "change_message": "Added."}}, {"model": "admin.logentry", "pk": 37, "fields": {"action_time": "2016-03-02T14:08:12.447Z", "user": 1, "content_type": 11, "object_id": "13", "object_repr": "Lemongras Dal mit roten und gelben R\u00fcben*", "action_flag": 1, "change_message": "Added."}}, {"model": "admin.logentry", "pk": 38, "fields": {"action_time": "2016-03-02T14:08:36.619Z", "user": 1, "content_type": 11, "object_id": "14", "object_repr": "\u201cBetthupferl\u201d Dinkelgrie\u00df mit Mohn und Birnen*", "action_flag": 1, "change_message": "Added."}}, {"model": "admin.logentry", "pk": 39, "fields": {"action_time": "2016-03-02T14:08:54.469Z", "user": 1, "content_type": 11, "object_id": "15", "object_repr": "Hirsem\u00fcsli mit Apfel \u2013 Kokosmus*", "action_flag": 1, "change_message": "Added."}}, {"model": "admin.logentry", "pk": 40, "fields": {"action_time": "2016-03-02T14:10:05.633Z", "user": 1, "content_type": 11, "object_id": "16", "object_repr": "Hokkaido \u2013 Kokos Suppe*", "action_flag": 1, "change_message": "Added."}}, {"model": "admin.logentry", "pk": 41, "fields": {"action_time": "2016-03-02T14:10:25.172Z", "user": 1, "content_type": 11, "object_id": "16", "object_repr": "Hokkaido \u2013 Kokos Suppe*", "action_flag": 3, "change_message": ""}}, {"model": "admin.logentry", "pk": 42, "fields": {"action_time": "2016-03-02T14:12:27.894Z", "user": 1, "content_type": 13, "object_id": "2", "object_repr": "FROM 2016-03-02 TO 2016-03-16", "action_flag": 1, "change_message": "Added. Added item batch \"ItemBatch object\". Added item batch \"ItemBatch object\"."}}, {"model": "admin.logentry", "pk": 43, "fields": {"action_time": "2016-03-02T22:32:40.548Z", "user": 1, "content_type": 13, "object_id": "2", "object_repr": "FROM 2016-03-02 TO 2016-03-16", "action_flag": 2, "change_message": "Added item batch \"ItemBatch object\". Added item batch \"ItemBatch object\". Added item batch \"ItemBatch object\". Added item batch \"ItemBatch object\". Added item batch \"ItemBatch object\". Added item batch \"ItemBatch object\". Added item batch \"ItemBatch object\". Added item batch \"ItemBatch object\". Added item batch \"ItemBatch object\". Added item batch \"ItemBatch object\". Added item batch \"ItemBatch object\"."}}]